<?xml version="1.0" encoding="UTF-8"?>
<!DOCTYPE mapper PUBLIC "-//mybatis.org//DTD Mapper 3.0//EN" "http://mybatis.org/dtd/mybatis-3-mapper.dtd">
<mapper namespace="Attach-Mapper">

	<select id="selectAttachByBno" resultType="attach">
		select * 
		from attach_free
		where bno = #{bno}
	</select>	
	
	<select id="selectAttachByAno" resultType="attach">
		select *
		from attach_free
		where ano=#{ano}
	</select>
	
	<update id="insertAttach">
		insert into 
		attach_free (ano, uploadpath, filename, bno, attacher, fileType)
		values (attach_seq.nextval, #{uploadPath}, #{fileName}, 
				#{bno},#{attacher},#{fileType} )
	</update>
	
	<update id="deleteAttach">
		delete from attach_free where ano = #{ano}
	</update>
	
	<update id="deleteAllAttach">
		delete 
		from attach_free 
		where bno = #{bno}
	</update>


</mapper>