<?xml version="1.0" encoding="UTF-8"?>
<!DOCTYPE mapper PUBLIC "-//mybatis.org//DTD Mapper 3.0//EN" "http://mybatis.org/dtd/mybatis-3-mapper.dtd">
	<mapper namespace="Board-Mapper"> <!--같은이름이 있을때 패키지 위치까지 적어준다.  -->
		
		<select id="selectBoardByBno" parameterType="int" resultType="board">
			select 
			*
			from board
			where bno = #{bno}		
		</select>
				
		<sql id = "searchBoard">
			<if test ="searchType =='tcw'.toString()">
				and title like '%'||#{keyword}||'%'
				or content like '%'||#{keyword}||'%'
				or writer like '%'||#{keyword}||'%'
			</if>
			<if test ="searchType =='t'.toString()">
				and title like '%'||#{keyword}||'%'
			</if>
			<if test ="searchType =='w'.toString()">
				and writer like '%'||#{keyword}||'%'
			</if>
			<if test ="searchType =='c'.toString()">
				and content like '%'||#{keyword}||'%'
			</if>
			<if test ="searchType =='tc'.toString()">
				and title like '%'||#{keyword}||'%'
				or content like '%'||#{keyword}||'%'
			</if>
			<if test ="searchType =='cw'.toString()">
				and content like '%'||#{keyword}||'%'
				or writer like '%'||#{keyword}||'%'
			</if>			
		</sql>
		
		
		<select id="selectBoardCriteria" resultType="board">
			select *
			from board
			where bno is not null
			<include refid="searchBoard" />
			order by bno desc
		</select>
			
		
		<select id="selectBoardCriteriaTotalCount" resultType="int">
			select 
			count(*)
			from board
			where bno is not null
			<include refid="searchBoard"/>
			order by regDate desc			
		</select>
						
		<select id="selectBoardListCount" resultType="int">
			select count(*)
			from board
		</select>
		
		<update id="insertBoard" parameterType="board">
			insert into
			board(bno, title, writer, content, regDate)
			values(#{bno},#{title},#{writer},#{content},sysdate)
		</update>	
		
		<update id="updateBoard" parameterType="board">
			update board 
			set 
			title=#{title},content=#{content},updatedate=sysdate
			where bno = #{bno}
		</update>
		
		<update id="deleteBoard" parameterType="int">
			delete 
			from Board
			where bno = #{bno}
		</update>
		
		<update id="increaseViewCnt" parameterType="int">
			update board 
			set 
			viewcnt=viewcnt+1
			where bno=#{bno}
		</update>
		
		<select id="selectBoardSeqNext" resultType="int">
			select BOARD_SEQ.nextval
			from dual
		</select>
		
</mapper>